SerialNumber,RandomNumber
1000010,200150
1000011,200165
1000012,200180
1000013,200195
1000014,200210
1000015,200225
1000016,200240
1000017,200255
1000018,200270
1000019,200285
1000020,200300
1000021,200315
1000022,200330
1000023,200345
1000024,200360
1000025,200375
1000026,200390
1000027,200405
1000028,200420
1000029,200435
1000030,200450
1000031,200465
1000032,200480
1000033,200495
1000034,200510
1000035,200525
1000036,200540
1000037,200555
1000038,200570
1000039,200585
1000040,200600
1000041,200615
1000042,200630
1000043,200645
1000044,200660
1000045,200675
1000046,200690
1000047,200705
1000048,200720
1000049,200735
1000050,200750
1000051,200765
1000052,200780
1000053,200795
1000054,200810
1000055,200825
1000056,200840
1000057,200855
1000058,200870
1000059,200885
1000060,200900
1000061,200915
1000062,200930
1000063,200945
1000064,200960
1000065,200975
1000066,200990
1000067,201005
1000068,201020
1000069,201035
1000070,201050
1000071,201065
1000072,201080
1000073,201095
1000074,201110
1000075,201125
1000076,201140
1000077,201155
1000078,201170
1000079,201185
1000080,201200
1000081,201215
1000082,201230
1000083,201245
1000084,201260
1000085,201275
1000086,201290
1000087,201305
1000088,201320
1000089,201335
1000090,201350
1000091,201365
1000092,201380
1000093,201395
1000094,201410
1000095,201425
1000096,201440
1000097,201455
1000098,201470
1000099,201485
1000100,201500
1000101,201515
1000102,201530
1000103,201545
1000104,201560
1000105,201575
1000106,201590
1000107,201605
1000108,201620
1000109,201635
